CLASS;sub-class 1;sub-class 2;sub-class 3;sub-class 4;sub-class 5;Synonym;Modification proposée;NB DE RELATIONS POSITIVE (Facteurs de risque);NB DE RELATIONS NEGATIVES (Facteurs protecteurs)
DEAB;;;;;;;;;
DEAB;Behavioral dimension of body image;;;;;;;;
DEAB;Behavioral dimension of body image;Appearance fixing behaviors;;;;;;;
DEAB;Behavioral dimension of body image;Appearance fixing behaviors;Muscle building behaviors;;;;;;
DEAB;Behavioral dimension of body image;Body checking and avoidance;;;;;;;
DEAB;Behavioral dimension of body image;Body checking and avoidance;Body checking;;;;;;
DEAB;Behavioral dimension of body image;Body checking and avoidance;Body dysmorphic disorder;;;;;;
DEAB;Behavioral dimension of body image;Body checking and avoidance;Muscle checking;;;;;;
DEAB;Behavioral dimension of body image;Drive for leanness;;;;;;;
DEAB;Behavioral dimension of body image;Drive for leanness;Drive for leanness for performance;;;;;;
DEAB;Behavioral dimension of body image;Drive for muscularity;;;;;;;
DEAB;Behavioral dimension of body image;Drive for muscularity;Drive for muscularity thoughts;;;;;;
DEAB;Behavioral dimension of body image;Drive for muscularity;Drive for muscularity-oriented behavior;;;;;;
DEAB;Behavioral dimension of body image;Drive for size;;;;;;;
DEAB;Behavioral dimension of body image;Drive for thinness;;;;;;;
DEAB;Behavioral dimension of body image;Weight Control;;;;;;;
DEAB;Behavioral dimension of body image;Weight Control;Extreme weight control behavior;;;;;;
DEAB;Behavioral dimension of body image;Weight Control;Weight and diet preoccupation;;;;;;
DEAB;Behavioral dimension of body image;Weight Control;Weight preoccupation;;;;;;
DEAB;Eating psychopathology;;;;;"Eating pathology ; eating pathology symptoms";;;
DEAB;Eating related control;;;;;;;;
DEAB;Emotional eating;;;;;;;;
DEAB;Emotional eating;Emotional ingestion;;;;;;;
DEAB;Exercise-Related Behaviors;;;;;;;;
DEAB;Exercise-Related Behaviors;Functional impairment;;;;;;;
DEAB;External eating behavior;;;;;;;;
DEAB;External eating behavior;External ingestion;;;;;;;
DEAB;Generic disturbed eating attitudes and behaviors;;;;;;;;
DEAB;Muscle Dysmorphia;;;;;;;;
DEAB;Muscle Dysmorphia;Degree of muscle dysmorphia/bigorexia nervosa;;;;;;;
DEAB;Muscle Dysmorphia;Muscle dysmorphic tendencies;;;;;;;
DEAB;Muscle Dysmorphia;Muscle dysmorphic tendencies (avoidance and psychological symptoms);;;;;;;
DEAB;Muscle Dysmorphia;Muscle dysmorphic tendencies (behaviours and thoughts);;;;;;;
DEAB;Muscle Dysmorphia;Muscularity oriented disordered eating;;;;Muscularity-oriented eating behaviours;;;
DEAB;Muscle Dysmorphia;Muscularity oriented eating;;;;;;;
DEAB;Muscle Dysmorphia;Supplementation;;;;;;;
DEAB;Orthorexia;;;;;;;;
DEAB;Orthorexia;Orthorexia nervosa;;;;;;;
DEAB;Orthorexia;Orthorexic behavior;;;;Orthorexic eating behavior;;;
DEAB;Orthorexia;Orthorexic attitude and behavior;;;;;;;
DEAB;Restrictions;;;;;;;;
DEAB;Restrictions;Behavioral restrained eating;;;;;;;
DEAB;Restrictions;Cognitive restraint;;;;;;;
DEAB;Restrictions;Diet and exercise;;;;;;;
DEAB;Restrictions;Diet manipulation;;;;;;;
DEAB;Restrictions;Dietary intention to restraint;;;;;;;
DEAB;Restrictions;Dieting;;;;Diet, Dietary, dietary restraint;;;
DEAB;Restrictions;Eating restriction;;;;"Restrained eating ; restrictive eating behaviors ; restrictive eating";;;
DEAB;Restrictions;Restraint;;;;;;;
DEAB;Restrictions;Restrictive eating behaviors;;;;;;;
DEAB;Uncontrolled eating;;;;;;;;
DEAB;Compensatory behavior;;;;;;;;
DEAB;Compensatory behavior;Laxatives, diuretics;;;;;;;
DEAB;Compensatory behavior;Oral control;;;;;;;
DEAB;Compensatory behavior;Purging;;;;;;;
DEAB;Compensatory behavior;Substance use;;;;;;;
DEAB;Compensatory behavior;Vomit;;;;;;;
DEAB;Compensatory behavior;Vomiting-purging behaviors;;;;;;;
DEAB;Dependence and Excessive Exercise;;;;;;;;
DEAB;Dependence and Excessive Exercise;Addiction to exercise;;;;;;;
DEAB;Dependence and Excessive Exercise;Compulsive exercise;;;;;;;
DEAB;Dependence and Excessive Exercise;Excessive exercise;;;;;;;
DEAB;Disordered eating;;;;;;;;
DEAB;Disordered eating;Disordered eating attitudes;;;;;;;
DEAB;Disturbed eating attitudes and behaviors;;;;;;;;
DEAB;Eating attitudes;;;;;;;;
DEAB;Eating behavior;;;;;;;;
DEAB;Eating disorders;;;;;;;;
DEAB;Eating disorders;Anorexia;;;;;;;
DEAB;Eating disorders;Binge eating;;;;;;;
DEAB;Eating disorders;Bulimia;;;;;;;
DEAB;Eating disorders;Bulimia;Bulimia and food preoccupation;;;;;;
DEAB;Eating disorders;Bulimia;Bulimia modelling;;;;;;
DEAB;Eating disorders;Bulimia;Bulimic pathology;;;;;;
DEAB;Eating disorders;Bulimia;Bulimic symptomatology;;;;;;
DEAB;Eating disturbance;;;;;;;;
Interpersonal factor related to DEAB;;;;;;;;;
Interpersonal factor related to DEAB;Advice and Normative Influences;;;;;;;;
Interpersonal factor related to DEAB;Advice and Normative Influences;Frequency of receipt of anti-dieting advice;;;;;;5;
Interpersonal factor related to DEAB;Authority and Leadership Styles;;;;;;;;
Interpersonal factor related to DEAB;Authority and Leadership Styles;Coach's focus on results;;;;;;;
Interpersonal factor related to DEAB;Authority and Leadership Styles;Coach's negative feedback;;;;Coach leadership style negative feedback;;;
Interpersonal factor related to DEAB;Advice and Normative Influences;Modelled behavior;;;;;;1;
Interpersonal factor related to DEAB;Advice and Normative Influences;Coach leadership style vision;;;;;;;
Interpersonal factor related to DEAB;Advice and Normative Influences;Coach leadership style inspiration;;;;;;;
Interpersonal factor related to DEAB;Advice and Normative Influences;Coach leadership style instruction;;;;;;;
Interpersonal factor related to DEAB;Advice and Normative Influences;Coach leadership style individualization;;;;;;;
Interpersonal factor related to DEAB;Advice and Normative Influences;Coach leadership style support;;;;;;;
Interpersonal factor related to DEAB;Advice and Normative Influences;Coach leadership style positive feedback;;;;;;;
Interpersonal factor related to DEAB;Advice and Normative Influences;Coach leadership style active management;;;;;;;
Interpersonal factor related to DEAB;Advice and Normative Influences;Coach leadership style passive management;;;;;;;
Interpersonal factor related to DEAB;Conflicted and Negative Relationships;;;;;;;;
Interpersonal factor related to DEAB;Conflicted and Negative Relationships;Childhood victimization;;;;;;;
Interpersonal factor related to DEAB;Conflicted and Negative Relationships;Conflicts;;;;;;;
Interpersonal factor related to DEAB;Conflicted and Negative Relationships;Conflicts;Coach conflict;;;;;;
Interpersonal factor related to DEAB;Conflicted and Negative Relationships;Conflicts;Coach interpersonal conflict;;;;;;
Interpersonal factor related to DEAB;Conflicted and Negative Relationships;Conflicts;Interpersonal conflict;;;;;;
Interpersonal factor related to DEAB;Conflicted and Negative Relationships;Conflicts;Parent conflict;;;;;;
Interpersonal factor related to DEAB;Conflicted and Negative Relationships;Conflicts;Teammate interpersonal conflict;;;;;;
Interpersonal factor related to DEAB;Conflicted and Negative Relationships;Discouragement/sabotage from friends to eat healthy;;;;;;3;
Interpersonal factor related to DEAB;Conflicted and Negative Relationships;Inadequate parents' relationships;;;;;;1;
Interpersonal factor related to DEAB;Conflicted and Negative Relationships;Inadequate parents' relationships;Attachment avoidance;;;;;;
Interpersonal factor related to DEAB;Conflicted and Negative Relationships;Inadequate parents' relationships;Psychological control father;;;;;;
Interpersonal factor related to DEAB;Conflicted and Negative Relationships;Inadequate parents' relationships;Parental influences;;;;;;
Interpersonal factor related to DEAB;Conflicted and Negative Relationships;Inadequate parents' relationships;Psychological control mother;;;;;;
Interpersonal factor related to DEAB;Conflicted and Negative Relationships;Insensitivity to athletes well-being;;;;;;;
Interpersonal factor related to DEAB;External comments;;;;;;;;
Interpersonal factor related to DEAB;External comments;Severity of critical comment;;;;;;6;
Interpersonal factor related to DEAB;External comments;Severity of critical comment;Severity of critical comment about physical appearance;;;;;;
Interpersonal factor related to DEAB;External eating and Weight related concerns;;;;;;;;
Interpersonal factor related to DEAB;External eating and Weight related concerns;Importance of weight and appearance to family and friends;;;;;;1;
Interpersonal factor related to DEAB;External eating and Weight related concerns;Perceived encouragements for healthy eating habit;;;;;;;
Interpersonal factor related to DEAB;Motivational Climate;;;;;;;;
Interpersonal factor related to DEAB;Motivational Climate;Mastery climate;;;;;;;1
Interpersonal factor related to DEAB;Motivational Climate;Performance climate;;;;;;1;
Interpersonal factor related to DEAB;Positive relationships with significant others;;;;;;;;
Interpersonal factor related to DEAB;Positive relationships with significant others;Athletes perceptions of power balances with their coach/training staff;;;;;;;
Interpersonal factor related to DEAB;Positive relationships with significant others;Positive relationships with coach;;;;;;;
Interpersonal factor related to DEAB;Positive relationships with significant others;Positive relationships with coach;Coach ability;;;;;;
Interpersonal factor related to DEAB;Positive relationships with significant others;Positive relationships with coach;Coach relationship quality;;;;;;
Interpersonal factor related to DEAB;Positive relationships with significant others;Positive relationships with coach;Coach support;;;;;;
Interpersonal factor related to DEAB;Positive relationships with significant others;Positive relationships with coach;Coach-athlete relationship;;;;;;
Interpersonal factor related to DEAB;Positive relationships with significant others;Positive relationships with coach;Coach social support;;;;;;
Interpersonal factor related to DEAB;Positive relationships with significant others;Positive relationships with family;;;;;;;
Interpersonal factor related to DEAB;Positive relationships with significant others;Positive relationships with family;Family environment;;;;;;
Interpersonal factor related to DEAB;Positive relationships with significant others;Positive relationships with family;Family of origin;;;;;;
Interpersonal factor related to DEAB;Positive relationships with significant others;Positive relationships with family;Family of origin autonomy;;;;;;
Interpersonal factor related to DEAB;Positive relationships with significant others;Positive relationships with family;Family of origin intimacy;;;;;;
Interpersonal factor related to DEAB;Positive relationships with significant others;Positive relationships with family;Maternal relationship;;;;;;
Interpersonal factor related to DEAB;Positive relationships with significant others;Positive relationships with family;Parent relationship quality;;;;;;
Interpersonal factor related to DEAB;Positive relationships with significant others;Positive relationships with family;Parental social support;;;Parent support;;;
Interpersonal factor related to DEAB;Positive relationships with significant others;Positive relationships with family;Paternal relationship;;;;;;
Interpersonal factor related to DEAB;Positive relationships with significant others;Positive relationships with peer/teammate/friend;;;;;;;
Interpersonal factor related to DEAB;Positive relationships with significant others;Positive relationships with peer/teammate/friend;Depth of teammate relationships;;;;;;
Interpersonal factor related to DEAB;Positive relationships with significant others;Positive relationships with peer/teammate/friend;Peer social acceptance;;;;;;
Interpersonal factor related to DEAB;Positive relationships with significant others;Positive relationships with peer/teammate/friend;Sport friendship quality;;;;;;
Interpersonal factor related to DEAB;Positive relationships with significant others;Positive relationships with peer/teammate/friend;Supportive friendships;;;;;;
Interpersonal factor related to DEAB;Positive relationships with significant others;Positive relationships with peer/teammate/friend;Teammate relatedness;;;;;;
Interpersonal factor related to DEAB;Positive relationships with significant others;Positive relationships with peer/teammate/friend;Teammate social support;;;;;;
Interpersonal factor related to DEAB;Positive relationships with significant others;Social support;;;;;;1;1
Interpersonal factor related to DEAB;Positive relationships with significant others;Social support;Perception of social support;;;;;;
Interpersonal factor related to DEAB;Positive relationships with significant others;Social support;Perception of social support;Perception of social support from athletic department;;;;;
Interpersonal factor related to DEAB;Positive relationships with significant others;Social support;Perception of social support;Perception of social support from family;;;;;
Interpersonal factor related to DEAB;Positive relationships with significant others;Social support;Perception of social support;Perception of social support from teammates;;;;;
Interpersonal factor related to DEAB;Social and sport pressure related to significant others;;;;;;;;
Interpersonal factor related to DEAB;Social and sport pressure related to significant others;General pressures;;;;;;;
Interpersonal factor related to DEAB;Social and Sport pressure related to significant others;General pressures;Peer pressure;;;;;;
Interpersonal factor related to DEAB;Social and sport pressure related to significant others;General pressures;Perfectionism other-oriented;;;Other oriented perfectionism;;;
Interpersonal factor related to DEAB;Social and sport pressure related to significant others;General pressures;Perfectionism socially prescribed;;;"Socially prescribed perfectionism ; social oriented perfectionism";;;
Interpersonal factor related to DEAB;Social and Sport pressure related to significant others;General pressures;Pressure from boy/girlfriend;;;;;;
Interpersonal factor related to DEAB;Social and Sport pressure related to significant others;General pressures;Pressure from coaches;;;"Coach-related pressures ; coach pressure";;;
Interpersonal factor related to DEAB;Social and Sport pressure related to significant others;General pressures;Pressure from friends;;;;;;
Interpersonal factor related to DEAB;Social and Sport pressure related to significant others;General pressures;Pressure from judges;;;;;;
Interpersonal factor related to DEAB;Social and Sport pressure related to significant others;General pressures;Pressure from parents;;;Parental expectations and parental criticism;;;
Interpersonal factor related to DEAB;Social and Sport pressure related to significant others;General pressures;Pressure from parents to be perfect;;;;;;
Interpersonal factor related to DEAB;Social and Sport pressure related to significant others;General pressures;Pressure from teammates;;;;;;
Interpersonal factor related to DEAB;Social and Sport pressure related to significant others;General pressures;Pressure from TV/movies;;;;;;
Interpersonal factor related to DEAB;Social and Sport pressure related to significant others;General pressures;Romantic pressure;;;;;;
Interpersonal factor related to DEAB;Social and Sport pressure related to significant others;Perception of social and sport pressure from other;;;;;;;
Interpersonal factor related to DEAB;Social and Sport pressure related to significant others;Perception of social and sport pressure from other;Appearance pressure from teammates;;;;;;
Interpersonal factor related to DEAB;Social and sport pressure related to significant others;Perception of social and sport pressure from other;Perceived appearance based pressures from family;;;;;;
Interpersonal factor related to DEAB;Social and sport pressure related to significant others;Perception of social and sport pressure from other;Perceived coach pressure;;;;;;
Interpersonal factor related to DEAB;Social and sport pressure related to significant others;Perception of social and sport pressure from other;Perceived parental pressure;;;;;;
Interpersonal factor related to DEAB;Social and sport pressure related to significant others;Perception of social and sport pressure from other;Perceived pressures from family;;;Pressure from family;;;
Interpersonal factor related to DEAB;Social and sport pressure related to significant others;Perception of social and sport pressure from other;Perceived pressures from media;;;;;;
Interpersonal factor related to DEAB;Social and sport pressure related to significant others;Perception of social and sport pressure from other;Perceived pressures from peer;;;;;;
Interpersonal factor related to DEAB;Social and sport pressure related to significant others;Perception of social and sport pressure from other;Perceived weight related coach pressure;;;;;;
Interpersonal factor related to DEAB;Social and Sport pressure related to significant others;Perception of social and sport pressure from other;Social pressure on body shape;;;;;;
Interpersonal factor related to DEAB;Social and Sport pressure related to significant others;Perception of social and sport pressure from other;Social pressure on eating;;;;;;
Interpersonal factor related to DEAB;Social and sport pressure related to significant others;Perception of social and sport pressure from other;Appearance comparison;;;Teammate body comparison;;;
Interpersonal factor related to DEAB;Social and Sport pressure related to significant others;Pressure to be thin/thinness;;;;;;;
Interpersonal factor related to DEAB;Social and Sport pressure related to significant others;Pressure to be thin/thinness;Pressure for thinness coaches;;;;;;
Interpersonal factor related to DEAB;Social and Sport pressure related to significant others;Pressure to be thin/thinness;Pressure to be thin;;;;;;
Interpersonal factor related to DEAB;Social and Sport pressure related to significant others;Pressure to be thin/thinness;Pressure to be thin by friends;;;;;;
Interpersonal factor related to DEAB;Social and Sport pressure related to significant others;Pressure to be thin/thinness;Pressure to be thin by parents;;;;;;
Interpersonal factor related to DEAB;Social and Sport pressure related to significant others;Pressure to be thin/thinness;Pressures for thinness teammates;;;;;;
Interpersonal factor related to DEAB;Social and Sport pressure related to significant others;Pressure to be thin/thinness;Social influence for thinness;;;;;;
Interpersonal factor related to DEAB;Social and Sport pressure related to significant others;Pressure to be thin/thinness;Thinness related learning;;;;;;
Interpersonal factor related to DEAB;Social and Sport pressure related to significant others;Thin-fat-others;;;;;;;
Interpersonal factor related to DEAB;Social and Sport pressure related to significant others;Thin-fat-others;Daily life thin-fat other;;;;;;
Interpersonal factor related to DEAB;Social and Sport pressure related to significant others;Thin-fat-others;Sport thin-fat-others;;;;;;
Interpersonal factor related to DEAB;Social and Sport pressure related to significant others;Weight pressures;;;;;;10;
Interpersonal factor related to DEAB;Social and Sport pressure related to significant others;Weight pressures;Appearance and performance weight pressure;;;;;;
Interpersonal factor related to DEAB;Social and Sport pressure related to significant others;Weight pressures;Coach related weight pressures in sport;;;;;;
Interpersonal factor related to DEAB;Social and Sport pressure related to significant others;Weight pressures;Coach related weight pressures in sport;Coach's pressure in relation to nutrition;;;;;
Interpersonal factor related to DEAB;Social and Sport pressure related to significant others;Weight pressures;General weight pressure;;;;;;
Interpersonal factor related to DEAB;Social and sport pressure related to significant others;Weight pressures;General weight pressure media;;;;;;
Interpersonal factor related to DEAB;Social and Sport pressure related to significant others;Weight pressures;General weight pressure parent;;;;;;
Interpersonal factor related to DEAB;Social and Sport pressure related to significant others;Weight pressures;General weight pressure peer;;;;;;
Interpersonal factor related to DEAB;Social and Sport pressure related to significant others;Weight pressures;Pressures to lose weight/change shape from teammates;;;;;;
Interpersonal factor related to DEAB;Social and Sport pressure related to significant others;Weight pressures;Sport related weight pressures;;;Sport specific weight pressure;;;
Interpersonal factor related to DEAB;Social and Sport pressure related to significant others;Weight pressures;Weight pressure appearance;;;;;;
Interpersonal factor related to DEAB;Social and Sport pressure related to significant others;Weight pressures;Weight pressure coach/teammate;;;;;;
Interpersonal factor related to DEAB;Social and Sport pressure related to significant others;Weight pressures;Weight pressure in dance;;;;;;
Interpersonal factor related to DEAB;Social and sport pressure related to significant others;Weight pressures;Weight pressure uniform;;;;;;
Intrapersonal factor related to DEAB;;;;;;;;;
Intrapersonal factor related to DEAB;Body image and self-esteem;;;;;;;;
Intrapersonal factor related to DEAB;Body image and self-esteem;Affective dimension of body image and self-esteem;;;;;;;
Intrapersonal factor related to DEAB;Body image and self-esteem;Affective dimension of body image and self-esteem;Attractive body;;;;;;
Intrapersonal factor related to DEAB;Body image and self-esteem;Affective dimension of body image and self-esteem;Attractive body;Perceived physical appearance;;;;;
Intrapersonal factor related to DEAB;Body image and self-esteem;Affective dimension of body image and self-esteem;Attractive body;Physical attractiveness;;;;;
Intrapersonal factor related to DEAB;Body image and self-esteem;Affective dimension of body image and self-esteem;Attractive body;Sexual attractiveness;;;;;
Intrapersonal factor related to DEAB;Body image and self-esteem;Affective dimension of body image and self-esteem;Body esteem;;;;;;
Intrapersonal factor related to DEAB;Body image and self-esteem;Affective dimension of body image and self-esteem;Body esteem;Body appreciation;;;;;
Intrapersonal factor related to DEAB;Body image and self-esteem;Affective dimension of body image and self-esteem;Body esteem;Body esteem appearance;;;;;
Intrapersonal factor related to DEAB;Body image and self-esteem;Affective dimension of body image and self-esteem;Body esteem;Body esteem attribution;;;;;
Intrapersonal factor related to DEAB;Body image and self-esteem;Affective dimension of body image and self-esteem;Body esteem;Body esteem weight satisfaction;;;;;
Intrapersonal factor related to DEAB;Body image and self-esteem;Affective dimension of body image and self-esteem;Body esteem;Weight influences esteem;;;;;
Intrapersonal factor related to DEAB;Body image and self-esteem;Affective dimension of body image and self-esteem;Body esteem;Upper body strength;;;;;
Intrapersonal factor related to DEAB;Body image and self-esteem;Affective dimension of body image and self-esteem;Body esteem;Physical fitness;;;;;
Intrapersonal factor related to DEAB;Body image and self-esteem;Attitudinal dimension of body image;Attitude toward unhealthy practice;;;;;;
Intrapersonal factor related to DEAB;Body image and self-esteem;Attitudinal dimension of body image;Attitude toward unhealthy practice;Attitude towards unhealthy weight loss behavior;;;;;
Intrapersonal factor related to DEAB;Body image and self-esteem;Attitudinal dimension of body image;Attitude toward unhealthy practice;Attitude towards unhealthy exercising behavior;;;;;
Intrapersonal factor related to DEAB;Body image and self-esteem;Attitudinal dimension of body image;Body and muscularity attitude;;;;;;
Intrapersonal factor related to DEAB;Body image and self-esteem;Attitudinal dimension of body image;Body and muscularity attitude;Muscularity-oriented attitudes;;;;;
Intrapersonal factor related to DEAB;Body image and self-esteem;Attitudinal dimension of body image;Body and muscularity attitude;Muscularity-oriented body image;;;;;
Intrapersonal factor related to DEAB;Body image and self-esteem;Attitudinal dimension of body image;Body and muscularity attitude;Body attitude;;;;;
Intrapersonal factor related to DEAB;Body image and self-esteem;Attitudinal dimension of body image;Body appreciation;;;;;;
Intrapersonal factor related to DEAB;Body image and self-esteem;Attitudinal dimension of body image;Body appreciation;Muscle appearance;;;;;
Intrapersonal factor related to DEAB;Body image and self-esteem;Attitudinal dimension of body image;Body appreciation;Muscle satisfaction;;;;;
Intrapersonal factor related to DEAB;Body image and self-esteem;Attitudinal dimension of body image;Body appreciation;Satisfied with overall appearance;;;;;
Intrapersonal factor related to DEAB;Body image and self-esteem;Attitudinal dimension of body image;Body appreciation;Satisfied with overall body;;Positive perception of the body;;;
Intrapersonal factor related to DEAB;Body image and self-esteem;Attitudinal dimension of body image;Body appreciation;Satisfaction with body shape and physical appearance;;;;;
Intrapersonal factor related to DEAB;Body image and self-esteem;Attitudinal dimension of body image;Body appreciation;Body factor;;;;;
Intrapersonal factor related to DEAB;Body image and self-esteem;Attitudinal dimension of body image;Body appreciation;Body parts satisfaction body;;;;;
Intrapersonal factor related to DEAB;Body image and self-esteem;Attitudinal dimension of body image;Body appreciation;Body parts satisfaction face;;;;;
Intrapersonal factor related to DEAB;Body image and self-esteem;Attitudinal dimension of body image;Body appreciation;Body satisfaction;;Body areas satisfaction;;;
Intrapersonal factor related to DEAB;Body image and self-esteem;Attitudinal dimension of body image;Body appreciation;Body satisfaction for legs;;;;;
Intrapersonal factor related to DEAB;Body image and self-esteem;Attitudinal dimension of body image;Body image dissatisfaction;;;;;;
Intrapersonal factor related to DEAB;Body image and self-esteem;Attitudinal dimension of body image;Body image dissatisfaction;Body dissatisfaction;;Negative perception of the body;;;
Intrapersonal factor related to DEAB;Body image and self-esteem;Attitudinal dimension of body image;Body image dissatisfaction;Appearance intolerance;;;;;
Intrapersonal factor related to DEAB;Body image and self-esteem;Attitudinal dimension of body image;Body image dissatisfaction;Body image avoidance;;;;;
Intrapersonal factor related to DEAB;Body image and self-esteem;Attitudinal dimension of body image;Body image dissatisfaction;Body surveillance;;;;;
Intrapersonal factor related to DEAB;Body image and self-esteem;Attitudinal dimension of body image;Body image dissatisfaction;Body image duality;;;;;
Intrapersonal factor related to DEAB;Body image and self-esteem;Attitudinal dimension of body image;Body image dissatisfaction;Physique protection;;;;;
Intrapersonal factor related to DEAB;Body image and self-esteem;Attitudinal dimension of body image;Body image dissatisfaction;Specific body image dissatisfaction;;;;;
Intrapersonal factor related to DEAB;Body image and self-esteem;Attitudinal dimension of body image;Body image dissatisfaction;Sports related body dissatisfaction;;;;;
Intrapersonal factor related to DEAB;Body image and self-esteem;Attitudinal dimension of body image;Body image dissatisfaction;Body dissatisfaction performance;;;;;
Intrapersonal factor related to DEAB;Body image and self-esteem;Attitudinal dimension of body image;Body image dissatisfaction;Body dissatisfaction appearance;;;;;
Intrapersonal factor related to DEAB;Body image and self-esteem;Attitudinal dimension of body image;Body image dissatisfaction;Body fat dissatisfaction;;;;;
Intrapersonal factor related to DEAB;Body image and self-esteem;Attitudinal dimension of body image;Body image dissatisfaction;;;;;;
Intrapersonal factor related to DEAB;Body image and self-esteem;Attitudinal dimension of body image;Body image dissatisfaction;Body image dissatisfaction in sport;;;;;
Intrapersonal factor related to DEAB;Body image and self-esteem;Attitudinal dimension of body image;Body image dissatisfaction;Body shame;;;;;
Intrapersonal factor related to DEAB;Body image and self-esteem;Attitudinal dimension of body image;Body image dissatisfaction;Body shape;;;;;
Intrapersonal factor related to DEAB;Body image and self-esteem;Attitudinal dimension of body image;Body image dissatisfaction;Body shape concerns and dissatisfaction;;;;;
Intrapersonal factor related to DEAB;Body image and self-esteem;Attitudinal dimension of body image;Body image dissatisfaction;Body dysmorphic concerns;;;;;
Intrapersonal factor related to DEAB;Body image and self-esteem;Attitudinal dimension of body image;Body talk;;;;;;
Intrapersonal factor related to DEAB;Body image and self-esteem;Attitudinal dimension of body image;Body talk;Fat talk;;;;;
Intrapersonal factor related to DEAB;Body image and self-esteem;Attitudinal dimension of body image;Body talk;Male body talk;;;;;
Intrapersonal factor related to DEAB;Body image and self-esteem;Attitudinal dimension of body image;Body talk;Muscle talk;;;;;
Intrapersonal factor related to DEAB;Body image and self-esteem;Attitudinal dimension of body image;Contextual expressions;;;;;;
Intrapersonal factor related to DEAB;Body image and self-esteem;Attitudinal dimension of body image;Contextual expressions;Appearance daily life;;;;;
Intrapersonal factor related to DEAB;Body image and self-esteem;Attitudinal dimension of body image;Contextual expressions;Appearance sport;;;;;
Intrapersonal factor related to DEAB;Body image and self-esteem;Attitudinal dimension of body image;Contextual expressions;Muscularity daily life;;;;;
Intrapersonal factor related to DEAB;Body image and self-esteem;Attitudinal dimension of body image;Body change;;;;;;
Intrapersonal factor related to DEAB;Body image and self-esteem;Attitudinal dimension of body image;Evaluation sensitivity;;;;;;
Intrapersonal factor related to DEAB;Body image and self-esteem;Cognitive dimension of body image and self-esteem;;;;;;;
Intrapersonal factor related to DEAB;Body image and self-esteem;Cognitive dimension of body image and self-esteem;Appearance related expectancies;;;;;;
Intrapersonal factor related to DEAB;Body image and self-esteem;Cognitive dimension of body image and self-esteem;Appearance related expectancies;Thinness/restricting expectancies;;;;;
Intrapersonal factor related to DEAB;Body image and self-esteem;Cognitive dimension of body image and self-esteem;Appearance related expectancies;Perceived benefits of gaining muscle mass;;;;;
Intrapersonal factor related to DEAB;Body image and self-esteem;Cognitive dimension of body image and self-esteem;Body as a tool;;;;;;
Intrapersonal factor related to DEAB;Body image and self-esteem;Cognitive dimension of body image and self-esteem;Body comparison and ideal perception;;;;;;
Intrapersonal factor related to DEAB;Body image and self-esteem;Cognitive dimension of body image and self-esteem;Body comparison and ideal perception;Current body weight-ideal body weight;;;;;
Intrapersonal factor related to DEAB;Body image and self-esteem;Cognitive dimension of body image and self-esteem;Body comparison and ideal perception;Ideal physique perception;;Male ideal physique perception;;;
Intrapersonal factor related to DEAB;Body image and self-esteem;Cognitive dimension of body image and self-esteem;Body comparison and ideal perception;Body image ideals;;;;;
Intrapersonal factor related to DEAB;Body image and self-esteem;Cognitive dimension of body image and self-esteem;Body norms internalization;;;;;;
Intrapersonal factor related to DEAB;Body image and self-esteem;Cognitive dimension of body image and self-esteem;Body norms internalization;Athletic ideal internalization;;;;;
Intrapersonal factor related to DEAB;Body image and self-esteem;Cognitive dimension of body image and self-esteem;Body norms internalization;Internalization of thin/low body fat;;;;;
Intrapersonal factor related to DEAB;Body image and self-esteem;Cognitive dimension of body image and self-esteem;Body norms internalization;Internalization of muscular/athletic;;;;;
Intrapersonal factor related to DEAB;Body image and self-esteem;Cognitive dimension of body image and self-esteem;Body norms internalization;General internalization;;;;;
Intrapersonal factor related to DEAB;Body image and self-esteem;Cognitive dimension of body image and self-esteem;Body norms internalization;Internality;;;;;
Intrapersonal factor related to DEAB;Body image and self-esteem;Cognitive dimension of body image and self-esteem;Body norms internalization;Internalization in sport;;;;;
Intrapersonal factor related to DEAB;Body image and self-esteem;Cognitive dimension of body image and self-esteem;Body norms internalization;Internalization of body shape model;;;;;
Intrapersonal factor related to DEAB;Body image and self-esteem;Cognitive dimension of body image and self-esteem;Body norms internalization;Muscular ideal internalization;;;;;
Intrapersonal factor related to DEAB;Body image and self-esteem;Cognitive dimension of body image and self-esteem;Body norms internalization;Sociocultural attitudes toward appearance-internalization;;;;;
Intrapersonal factor related to DEAB;Body image and self-esteem;Cognitive dimension of body image and self-esteem;Body norms internalization;Subjective norm related to gain muscle mass;;;;;
Intrapersonal factor related to DEAB;Body image and self-esteem;Cognitive dimension of body image and self-esteem;Body norms internalization;Thin ideal internalization;;Your body and sports;;;
Intrapersonal factor related to DEAB;Body image and self-esteem;Cognitive dimension of body image and self-esteem;Cognitive fusion body image;;;;;;
Intrapersonal factor related to DEAB;Body image and self-esteem;Cognitive dimension of body image and self-esteem;Eating concern;;;;;;
Intrapersonal factor related to DEAB;Body image and self-esteem;Cognitive dimension of body image and self-esteem;Importance of appearance beliefs;;;;;;
Intrapersonal factor related to DEAB;Body image and self-esteem;Cognitive dimension of body image and self-esteem;Importance of appearance beliefs;Perceived importance of being physically fit and in-shape;;;;;
Intrapersonal factor related to DEAB;Body image and self-esteem;Cognitive dimension of body image and self-esteem;Importance of appearance beliefs;Perceived importance of being attractive and thin;;;;;
Intrapersonal factor related to DEAB;Body image and self-esteem;Cognitive dimension of body image and self-esteem;Muscularity-related intentions;;;;;;
Intrapersonal factor related to DEAB;Body image and self-esteem;Cognitive dimension of body image and self-esteem;Muscularity-related intentions;Intention to gain muscle mass/to lean body mass;;;;;
Intrapersonal factor related to DEAB;Body image and self-esteem;Cognitive dimension of body image and self-esteem;Muscularity-related intentions;Intention to gain muscle mass;;;;;
Intrapersonal factor related to DEAB;Body image and self-esteem;Global self-worth;;;;;;;
Intrapersonal factor related to DEAB;Body image and self-esteem;Global self-worth;Common humanity;;;;;;
Intrapersonal factor related to DEAB;Body image and self-esteem;Global self-worth;Global physical self;;;;;;
Intrapersonal factor related to DEAB;Body image and self-esteem;Global self-worth;Health orientation;;;;;;
Intrapersonal factor related to DEAB;Body image and self-esteem;Global self-worth;Illness orientation;;;;;;
Intrapersonal factor related to DEAB;Body image and self-esteem;Global self-worth;Impression construction;;;;;;
Intrapersonal factor related to DEAB;Body image and self-esteem;Global self-worth;Impression motivation;;;;;;
Intrapersonal factor related to DEAB;Body image and self-esteem;Global self-worth;Isolation;;;;;;
Intrapersonal factor related to DEAB;Body image and self-esteem;Global self-worth;Mindfulness;;;;;;
Intrapersonal factor related to DEAB;Body image and self-esteem;Global self-worth;Over identification;;;;;;
Intrapersonal factor related to DEAB;Body image and self-esteem;Global self-worth;Self-compassion;;;;;;
Intrapersonal factor related to DEAB;Body image and self-esteem;Global self-worth;Self-criticism;;;;;;
Intrapersonal factor related to DEAB;Body image and self-esteem;Global self-worth;Fitness and health/illness evaluation;;;;;;
Intrapersonal factor related to DEAB;Body image and self-esteem;Global self-worth;Self-criticism;Inadequate self;;;;;
Intrapersonal factor related to DEAB;Body image and self-esteem;Global self-worth;Self-criticism;Hated self;;;;;
Intrapersonal factor related to DEAB;Body image and self-esteem;Global self-worth;Self-esteem;;;;;;
Intrapersonal factor related to DEAB;Body image and self-esteem;Global self-worth;Self-judgment;;;;;;
Intrapersonal factor related to DEAB;Body image and self-esteem;Global self-worth;Self-kindness;;;;;;
Intrapersonal factor related to DEAB;Body image and self-esteem;Global self-worth;Social desirability;;;;;;
Intrapersonal factor related to DEAB;Body image and self-esteem;Perceptual dimension of body image and self-esteem;;;;;;;
Intrapersonal factor related to DEAB;Body image and self-esteem;Perceptual dimension of body image and self-esteem;Body self-perception;;;;;;
Intrapersonal factor related to DEAB;Body image and self-esteem;Perceptual dimension of body image and self-esteem;Body self-perception;Thin-fat-self sport;;;;;
Intrapersonal factor related to DEAB;Body image and self-esteem;Perceptual dimension of body image and self-esteem;Body self-perception;Thin-fat-self daily life;;;;;
Intrapersonal factor related to DEAB;Body image and self-esteem;Perceptual dimension of body image and self-esteem;Body self-perception;Body image;;;;;
Intrapersonal factor related to DEAB;Body image and self-esteem;Perceptual dimension of body image and self-esteem;Body self-perception;Body self;;;;;
Intrapersonal factor related to DEAB;Body image and self-esteem;Perceptual dimension of body image and self-esteem;Body self-perception;Appearance evaluation;;;;;
Intrapersonal factor related to DEAB;Body image and self-esteem;Perceptual dimension of body image and self-esteem;Body self-perception;Perception of one's own body and self;;;;;
Intrapersonal factor related to DEAB;Body image and self-esteem;Perceptual dimension of body image and self-esteem;Body self-perception;Self consciousness of weight and appearance;;;;;
Intrapersonal factor related to DEAB;Body image and self-esteem;Perceptual dimension of body image and self-esteem;Body self-perception;Self-objectivation;;;;;
Intrapersonal factor related to DEAB;Body image and self-esteem;Perceptual dimension of body image and self-esteem;Body self-perception;Self-surveillance;;;;;
Intrapersonal factor related to DEAB;Body image and self-esteem;Perceptual dimension of body image and self-esteem;Judgement of size, shape and weight;;;;;;
Intrapersonal factor related to DEAB;Body image and self-esteem;Perceptual dimension of body image and self-esteem;Judgement of size, shape and weight;Weight and shape concern;;;;;
Intrapersonal factor related to DEAB;Body image and self-esteem;Perceptual dimension of body image and self-esteem;Judgement of size, shape and weight;Size/symmetry concerns;;;;;
Intrapersonal factor related to DEAB;Body image and self-esteem;Perceptual dimension of body image and self-esteem;Judgement of size, shape and weight;Concern with thinness;;;;;
Intrapersonal factor related to DEAB;Body image and self-esteem;Perceptual dimension of body image and self-esteem;Judgement of size, shape and weight;Muscularity concern;;;;;
Intrapersonal factor related to DEAB;Body image and self-esteem;Perceptual dimension of body image and self-esteem;Judgement of size, shape and weight;Overweight preoccupation;;;;;
Intrapersonal factor related to DEAB;Body image and self-esteem;Perceptual dimension of body image and self-esteem;Judgement of size, shape and weight;Weight concern;;;;;
Intrapersonal factor related to DEAB;Body image and self-esteem;Perceptual dimension of body image and self-esteem;Judgement of size, shape and weight;Shape concern;;;;;
Intrapersonal factor related to DEAB;Body image and self-esteem;Perceptual dimension of body image and self-esteem;Judgement of size, shape and weight;Body concern;;;;;
Intrapersonal factor related to DEAB;Body image and self-esteem;Perceptual dimension of body image and self-esteem;Judgement of size, shape and weight;Body image concerns;;;;;
Intrapersonal factor related to DEAB;Body image and self-esteem;Perceptual dimension of body image and self-esteem;Judgement of size, shape and weight;Body shape concerns;;;;;
Intrapersonal factor related to DEAB;Body image and self-esteem;Physical Self-Worth;;;;;;;
Intrapersonal factor related to DEAB;Body image and self-esteem;Physical Self-Worth;Physical condition;;;;;;
Intrapersonal factor related to DEAB;Body image and self-esteem;Physical Self-Worth;Physical condition;Perceived physical ability;;Physical competence evaluation;;;
Intrapersonal factor related to DEAB;Body image and self-esteem;Physical Self-Worth;Physical condition;Physical fatigue;;;;;
Intrapersonal factor related to DEAB;Body image and self-esteem;Physical Self-Worth;Physical condition;Physical competence orientation;;;;;
Intrapersonal factor related to DEAB;Body image and self-esteem;Physical Self-Worth;Physical strength;;;;;;
Intrapersonal factor related to DEAB;Body image and self-esteem;Physical Self-Worth;Sport competence;;;;;;
Intrapersonal factor related to DEAB;Body image and self-esteem;Physical Self-Worth;Sport competence;Athlete satisfaction;;;;;
Intrapersonal factor related to DEAB;Body image and self-esteem;Physical Self-Worth;Sport competence;Athletic self appraisal;;;;;
Intrapersonal factor related to DEAB;Body image and self-esteem;Physical Self-Worth;Sport competence;Satisfaction with current athletic performance;;;;;
Intrapersonal factor related to DEAB;Body image and self-esteem;Physical Self-Worth;Sport competence;Perceived competence;;;;;
Intrapersonal factor related to DEAB;Body image and self-esteem;Physical Self-Worth;Sport competence;Perceived athletic competence;;;;;
Intrapersonal factor related to DEAB;Body image and self-esteem;Physical Self-Worth;Sport competence;Global sport-state self-esteem;;;;;
Intrapersonal factor related to DEAB;Emotions;;;;;;;;
Intrapersonal factor related to DEAB;Emotions;Alexithymia;;;;;;;
Intrapersonal factor related to DEAB;Emotions;Alexithymia;Difficulty describing feelings;;;;;1;
Intrapersonal factor related to DEAB;Emotions;Alexithymia;Difficulty identifying feelings;;;;;3;
Intrapersonal factor related to DEAB;Emotions;Coping;;;;;;;
Intrapersonal factor related to DEAB;Emotions;Coping;Coping in sport;Athletic coping skills;;;;;
Intrapersonal factor related to DEAB;Emotions;Coping;Coping in sport;Athletic coping strategies;;;;;
Intrapersonal factor related to DEAB;Emotions;Coping;Emotion-focused coping;Coping with adversity;;;;;
Intrapersonal factor related to DEAB;Emotions;Coping;Emotion-focused coping;Freedom from worry;;;;;
Intrapersonal factor related to DEAB;Emotions;Emotion regulation;;;;;;15;
Intrapersonal factor related to DEAB;Emotions;Emotion regulation;Effective emotion regulation;;;;;;
Intrapersonal factor related to DEAB;Emotions;Emotion regulation;Effective emotion regulation;Recognition of emotion in others;;;;;
Intrapersonal factor related to DEAB;Emotions;Emotion regulation;Effective emotion regulation;Cognitive reappraisal;;;;;
Intrapersonal factor related to DEAB;Emotions;Emotion regulation;Ineffective emotion regulation;;;;;;
Intrapersonal factor related to DEAB;Emotions;Emotion regulation;Ineffective emotion regulation;Difficulties engaging in goal-directed behavior;;;;;
Intrapersonal factor related to DEAB;Emotions;Emotion regulation;Ineffective emotion regulation;Expressive suppression;;Emotional suppression;;;
Intrapersonal factor related to DEAB;Emotions;Emotion regulation;Ineffective emotion regulation;Impulse control difficulties;;;;;
Intrapersonal factor related to DEAB;Emotions;Emotion regulation;Ineffective emotion regulation;Lack of emotional awareness;;;;;
Intrapersonal factor related to DEAB;Emotions;Emotion regulation;Ineffective emotion regulation;Lack of emotional clarity;;;;;
Intrapersonal factor related to DEAB;Emotions;Emotion regulation;Ineffective emotion regulation;Limited access to emotional regulation strategies;;;;;
Intrapersonal factor related to DEAB;Emotions;Emotion regulation;Ineffective emotion regulation;Non-acceptance of emotional responses;;;;;
Intrapersonal factor related to DEAB;Emotions;Emotion regulation;Overfocus and emotional change;;;;;;
Intrapersonal factor related to DEAB;Emotions;Emotional states;;;;;;;
Intrapersonal factor related to DEAB;Emotions;Emotional states;Adaptive emotional state;;;;;;
Intrapersonal factor related to DEAB;Emotions;Emotional states;Adaptive emotional state;Positive affect;;;;;
Intrapersonal factor related to DEAB;Emotions;Emotional states;Maladaptive emotional state;;;;;;
Intrapersonal factor related to DEAB;Emotions;Emotional states;Maladaptive emotional state;Emotion dysregulation;;;;;
Intrapersonal factor related to DEAB;Emotions;Emotional states;Maladaptive emotional state;Emotional reaction;;;;;
Intrapersonal factor related to DEAB;Emotions;Emotional states;Maladaptive emotional state;Emotional reaction to critical comments about physical appearance;;;;;
Intrapersonal factor related to DEAB;Emotions;Emotional states;Maladaptive emotional state;Guilt/shame;;;;;
Intrapersonal factor related to DEAB;Emotions;Emotional states;Maladaptive emotional state;Guilt/shame;Guilt;;;;
Intrapersonal factor related to DEAB;Emotions;Emotional states;Maladaptive emotional state;Guilt/shame;Guilt if skipping training;;;;
Intrapersonal factor related to DEAB;Emotions;Emotional states;Maladaptive emotional state;Hostility;;;;;
Intrapersonal factor related to DEAB;Emotions;Emotional states;Maladaptive emotional state;Mood;;;;;
Intrapersonal factor related to DEAB;Emotions;Emotional states;Maladaptive emotional state;Mood;Mood modification;;;;
Intrapersonal factor related to DEAB;Emotions;Emotional states;Maladaptive emotional state;Psychological fatigue;;;;;
Intrapersonal factor related to DEAB;Emotions;Emotional states;Maladaptive emotional state;Sad;;;;;
Intrapersonal factor related to DEAB;Emotions;Emotional states;Maladaptive emotional state;Somatization;;;;;
Intrapersonal factor related to DEAB;Emotions;Anxiety;;;;;;;
Intrapersonal factor related to DEAB;Emotions;Anxiety;Appearance-related anxiety;;;;;;
Intrapersonal factor related to DEAB;Emotions;Anxiety;Appearance-related anxiety;Appearance anxiety;;;;;
Intrapersonal factor related to DEAB;Emotions;Anxiety;Appearance-related anxiety;Social physique anxiety;;;;;
Intrapersonal factor related to DEAB;Emotions;Anxiety;Interpersonal anxiety;;;;;;
Intrapersonal factor related to DEAB;Emotions;Anxiety;Interpersonal anxiety;Attachment anxiety;;;;;
Intrapersonal factor related to DEAB;Emotions;Anxiety;Interpersonal anxiety;Social phobia;;;;;
Intrapersonal factor related to DEAB;Emotions;Anxiety;General anxiety;;;;;;
Intrapersonal factor related to DEAB;Emotions;Anxiety;General anxiety;Anxiety state;;;;;
Intrapersonal factor related to DEAB;Emotions;Anxiety;General anxiety;Anxiety trait;;;;;
Intrapersonal factor related to DEAB;Emotions;Anxiety;Specific anxiety;;;;;;
Intrapersonal factor related to DEAB;Emotions;Anxiety;Specific anxiety;Health anxiety;;;;;
Intrapersonal factor related to DEAB;Emotions;Anxiety;Specific anxiety;Phobic anxiety;;;;;
Intrapersonal factor related to DEAB;Emotions;Anxiety;Sport-related anxiety;;;;;;
Intrapersonal factor related to DEAB;Emotions;Anxiety;Sport-related anxiety;Competitive state anxiety;;;;;
Intrapersonal factor related to DEAB;Emotions;Anxiety;Sport-related anxiety;Performance anxiety;;;;;
Intrapersonal factor related to DEAB;Emotions;Anxiety;Sport-related anxiety;Performance Cognitive Anxiety;;;;;
Intrapersonal factor related to DEAB;Emotions;Anxiety;Sport-related anxiety;Threat perception;;;;;
Intrapersonal factor related to DEAB;Emotions;Anxiety;Fear;;;;;;
Intrapersonal factor related to DEAB;Emotions;Anxiety;Fear;Afraid of becoming fat;;;;;
Intrapersonal factor related to DEAB;Emotions;Anxiety;Stress;;;Perceived stress;;;
Intrapersonal factor related to DEAB;Emotions;Anxiety;Stress;Psychological stress;;;;;
Intrapersonal factor related to DEAB;Emotions;Self-regulatory eating attitude in sport;;;;;;;
Intrapersonal factor related to DEAB;Emotions;Self-regulatory eating attitude in sport;Self-regulation in context of compensatory strategies;;;;;;
Intrapersonal factor related to DEAB;Emotions;Self-regulatory eating attitude in sport;Self-regulation in context of food temptation;;;"Inability to control food cravings; Types of food";;;
Intrapersonal factor related to DEAB;Emotions;Self-regulatory eating attitude in sport;Self-regulation in context of lack of anticipation of consequences on performance;;;;;;
Intrapersonal factor related to DEAB;Emotions;Self-regulatory eating attitude in sport;Self-regulation in context of negative affect;;;Guilt/shame;;;
Intrapersonal factor related to DEAB;Emotions;Self-regulatory eating attitude in sport;Self-regulation in context of social interaction;;;;;;
Intrapersonal factor related to DEAB;Locus of control;;;;;;;;
Intrapersonal factor related to DEAB;Locus of control;External locus;;;;;;;
Intrapersonal factor related to DEAB;Locus of control;External locus;External locus related to chance;;;;;;
Intrapersonal factor related to DEAB;Locus of control;External locus;External locus related to chance;External locus: luck;;;;;
Intrapersonal factor related to DEAB;Locus of control;External locus;External locus related to chance;Fatalism;;;;;
Intrapersonal factor related to DEAB;Locus of control;External locus;External locus related to powerful others;;;;;;
Intrapersonal factor related to DEAB;Locus of control;External locus;External locus related to powerful others;External locus: coach and friends;;;;;
Intrapersonal factor related to DEAB;Locus of control;External locus;External locus related to powerful others;External locus: family;;;;;
Intrapersonal factor related to DEAB;Locus of control;External locus;External locus related to powerful others;Hetero dependence;;;;;
Intrapersonal factor related to DEAB;Locus of control;Internal locus of control;;;;;;;
Intrapersonal factor related to DEAB;Motivation;;;;;;;;
Intrapersonal factor related to DEAB;Motivation;Achievement goals;;;;;;;
Intrapersonal factor related to DEAB;Motivation;Achievement goals;Mastery goal;;;;;;
Intrapersonal factor related to DEAB;Motivation;Achievement goals;Mastery goal;Mastery approach goal;;;;;
Intrapersonal factor related to DEAB;Motivation;Achievement goals;Mastery goal;Mastery avoidance goal;;;;;
Intrapersonal factor related to DEAB;Motivation;Achievement goals;Mastery goal;Task orientation;;;;;
Intrapersonal factor related to DEAB;Motivation;Achievement goals;Performance goal;;;;;;
Intrapersonal factor related to DEAB;Motivation;Achievement goals;Performance goal;Performance approach goal;;;;;
Intrapersonal factor related to DEAB;Motivation;Achievement goals;Performance goal;Performance avoidance goal;;;;;
Intrapersonal factor related to DEAB;Motivation;Achievement goals;Performance goal;Ego orientation;;;;;
Intrapersonal factor related to DEAB;Motivation;Basic psychological needs;;;;;;;
Intrapersonal factor related to DEAB;Motivation;Basic psychological needs;Basic needs frustration;Basic needs frustration in sport;;;;;
Intrapersonal factor related to DEAB;Motivation;Basic psychological needs;Basic needs satisfaction;;;;;;
Intrapersonal factor related to DEAB;Motivation;Basic psychological needs;Basic needs satisfaction;Basic needs satisfaction in sport;;;;;
Intrapersonal factor related to DEAB;Motivation;Basic psychological needs;Basic needs satisfaction;Perceived autonomy;;;;;
Intrapersonal factor related to DEAB;Motivation;Basic psychological needs;Basic needs satisfaction;Belongingness;;;;;
Intrapersonal factor related to DEAB;Motivation;Self-determination for eating behavior;;;;;;;
Intrapersonal factor related to DEAB;Motivation;Self-determination for eating behavior;Eating behavior self-determined motivational;;;;;;
Intrapersonal factor related to DEAB;Motivation;Self-determination for eating behavior;Eating behavior non-self determined motivational;;;;;;
Intrapersonal factor related to DEAB;Motivation;Self-determination for sport;;;;;;;
Intrapersonal factor related to DEAB;Motivation;Self-determination for sport;Amotivation;;;;;;
Intrapersonal factor related to DEAB;Motivation;Self-determination for sport;Autonomous forms for motivation;;;;;;
Intrapersonal factor related to DEAB;Motivation;Self-determination for sport;Autonomous forms for motivation;Assimilation;;;;;
Intrapersonal factor related to DEAB;Motivation;Self-determination for sport;Autonomous forms for motivation;Autonomous motivation for sport;;;;;
Intrapersonal factor related to DEAB;Motivation;Self-determination for sport;Autonomous forms for motivation;Commitment to exercise;;;;;
Intrapersonal factor related to DEAB;Motivation;Self-determination for sport;Autonomous forms for motivation;Exercising for health/fitness;;;;;
Intrapersonal factor related to DEAB;Motivation;Self-determination for sport;Autonomous forms for motivation;Identification;;;;;
Intrapersonal factor related to DEAB;Motivation;Self-determination for sport;Autonomous forms for motivation;Intrinsic motivation;;;;;
Intrapersonal factor related to DEAB;Motivation;Self-determination for sport;Autonomous forms for motivation;Positive exercise;;;;;
Intrapersonal factor related to DEAB;Motivation;Self-determination for sport;Autonomous forms for motivation;Harmonious passion toward an activity;;;;;
Intrapersonal factor related to DEAB;Motivation;Self-determination for sport;Controlled forms of motivation;;;;;;
Intrapersonal factor related to DEAB;Motivation;Self-determination for sport;Controlled forms of motivation;Body related motive;;;;;
Intrapersonal factor related to DEAB;Motivation;Self-determination for sport;Controlled forms of motivation;Exercise to avoid negative affect;;;;;
Intrapersonal factor related to DEAB;Motivation;Self-determination for sport;Controlled forms of motivation;Controlled motivation for sport;;;;;
Intrapersonal factor related to DEAB;Motivation;Self-determination for sport;Controlled forms of motivation;Exercise for appearance;;Exercising for appearance;;;
Intrapersonal factor related to DEAB;Motivation;Self-determination for sport;Controlled forms of motivation;Extrinsic regulation for sport;;;;;
Intrapersonal factor related to DEAB;Motivation;Self-determination for sport;Controlled forms of motivation;Introjection;;;;;
Intrapersonal factor related to DEAB;Motivation;Self-determination for sport;Controlled forms of motivation;Exercise to improve mood;;"Compulsive exercise mood improvement ; Exercising for mood management";;;
Intrapersonal factor related to DEAB;Motivation;Self-determination for sport;Controlled forms of motivation;Obligatory exercise;;;;;
Intrapersonal factor related to DEAB;Motivation;Self-determination for sport;Controlled forms of motivation;Weight control;;;;;
Intrapersonal factor related to DEAB;Motivation;Self-determination for sport;Controlled forms of motivation;Weight control exercise;;Compulsive exercise weight control;;;
Intrapersonal factor related to DEAB;Motivation;Self-determination for sport;Controlled forms of motivation;Weight management motivation for exercise;;;;;
Intrapersonal factor related to DEAB;Motivation;Self-determination for sport;Controlled forms of motivation;Appearance orientation;;;;;
Intrapersonal factor related to DEAB;Motivation;Self-determination for sport;Controlled forms of motivation;Desire to be leaner to improve sport performance;;;;;
Intrapersonal factor related to DEAB;Motivation;Self-determination for sport;Controlled forms of motivation;Obsessive passion toward an activity;;;;;
Intrapersonal factor related to DEAB;Motivation;Self-determination for sport;Controlled forms of motivation;Exercise for social;;;;;
Intrapersonal factor related to DEAB;Perception of health and well-being;;;;;;;;
Intrapersonal factor related to DEAB;Perception of health and well-being;Health perception;;;;;;;
Intrapersonal factor related to DEAB;Perception of health and well-being;Health perception;Perception of health evaluation;;;;;;
Intrapersonal factor related to DEAB;Perception of health and well-being;Health perception;Physical self concept of Health;;;Physical health;;;
Intrapersonal factor related to DEAB;Perception of health and well-being;Health perception;Psychosocial health;;;;;;
Intrapersonal factor related to DEAB;Perception of health and well-being;Health perception;Health-related quality of life;;;;;;
Intrapersonal factor related to DEAB;Perception of health and well-being;Well-being;;;;;;2;2
Intrapersonal factor related to DEAB;Perception of health and well-being;Well-being;Physical well-being;;;;;;
Intrapersonal factor related to DEAB;Perception of health and well-being;Well-being;Psychological well-being;;;;;;
Intrapersonal factor related to DEAB;Perception of health and well-being;Mental health;;;;;;;
Intrapersonal factor related to DEAB;Perception of health and well-being;Mental health;Social dysfunction;;;;;;
Intrapersonal factor related to DEAB;Perception of health and well-being;Mental health;Psychotic disorders;;;;;;
Intrapersonal factor related to DEAB;Perception of health and well-being;Mental health;Attention deficit hyperactivity disorders;;;;;;
Intrapersonal factor related to DEAB;Personality;;;;;;;;
Intrapersonal factor related to DEAB;Personality;Athlete identity;;;;;;5;2
Intrapersonal factor related to DEAB;Personality;Athlete identity;Exclusivity;;;;;;
Intrapersonal factor related to DEAB;Personality;Athlete identity;Exercise identity;;;;;5;
Intrapersonal factor related to DEAB;Personality;Athlete identity;Injury tolerance;;;;;1;
Intrapersonal factor related to DEAB;Personality;Athlete identity;Negative affectivity identity;;;;;2;
Intrapersonal factor related to DEAB;Personality;Athlete identity;Self-identity;;;;;2;
Intrapersonal factor related to DEAB;Personality;Athlete identity;Social identity;;;;;;
Intrapersonal factor related to DEAB;Personality;Confidence and trust;;;;;;;
Intrapersonal factor related to DEAB;Personality;Confidence and trust;Sport confidence;;;;;;2
Intrapersonal factor related to DEAB;Personality;Confidence and trust;Sport specific self-confidence;;;;;;
Intrapersonal factor related to DEAB;Personality;Confidence and trust;Team trust;;;;;;
Intrapersonal factor related to DEAB;Personality;Confidence and trust;Loss of confidence;;;;;;
Intrapersonal factor related to DEAB;Personality;Perfectionism;;;;;;11;
Intrapersonal factor related to DEAB;Personality;Perfectionism;Adaptive perfectionism;;;;;;
Intrapersonal factor related to DEAB;Personality;Perfectionism;Adaptive perfectionism;Conscientious perfectionism;;;;;
Intrapersonal factor related to DEAB;Personality;Perfectionism;Adaptive perfectionism;Organization;;;;;
Intrapersonal factor related to DEAB;Personality;Perfectionism;Maladaptive perfectionism;;;;;3;
Intrapersonal factor related to DEAB;Personality;Perfectionism;Maladaptive perfectionism;Concern over mistakes;;Concern over mistakes and doubts about actions;;3;
Intrapersonal factor related to DEAB;Personality;Perfectionism;Maladaptive perfectionism;Doubts about actions;;;;3;
Intrapersonal factor related to DEAB;Personality;Perfectionism;Maladaptive perfectionism;Evaluative concerns;;;;3;
Intrapersonal factor related to DEAB;Personality;Perfectionism;Maladaptive perfectionism;Negative perfectionism;;;;3;
Intrapersonal factor related to DEAB;Personality;Perfectionism;Maladaptive perfectionism;Negative reactions to imperfection;;;;3;
Intrapersonal factor related to DEAB;Personality;Perfectionism;Maladaptive perfectionism;Negative reactions to non-perfect performance during training;;;;3;
Intrapersonal factor related to DEAB;Personality;Perfectionism;Maladaptive perfectionism;Performance perfectionism;;;;3;
Intrapersonal factor related to DEAB;Personality;Perfectionism;Maladaptive perfectionism;Self-critical perfectionism;;;;3;
Intrapersonal factor related to DEAB;Personality;Perfectionism;Maladaptive perfectionism;Self-evaluative perfectionism;;;;3;
Intrapersonal factor related to DEAB;Personality;Perfectionism;Adaptive perfectionism;Perfectionism self-oriented;;Self oriented perfectionism;;;
Intrapersonal factor related to DEAB;Personality;Perfectionism;Adaptive perfectionism;Perfectionist aspirations during training;;;;;
Intrapersonal factor related to DEAB;Personality;Perfectionism;Adaptive perfectionism;Personal standards;;;;;
Intrapersonal factor related to DEAB;Personality;Perfectionism;Adaptive perfectionism;Positive perfectionism;;;;;
Intrapersonal factor related to DEAB;Personality;Perfectionism;Adaptive perfectionism;Striving;;;;;
Intrapersonal factor related to DEAB;Personality;Perfectionism;Adaptive perfectionism;Striving for perfection;;;;;
Intrapersonal factor related to DEAB;Personality;Personality traits;;;;;;;
Intrapersonal factor related to DEAB;Personality;Personality traits;Adaptive personality traits for the DEAB studies available to date;;;;;;
Intrapersonal factor related to DEAB;Personality;Personality traits;Adaptive personality traits for the DEAB studies available to date;Agreeableness;;;;;
Intrapersonal factor related to DEAB;Personality;Personality traits;Adaptive personality traits for the DEAB studies available to date;Conscientiousness;;;;;
Intrapersonal factor related to DEAB;Personality;Personality traits;Adaptive personality traits for the DEAB studies available to date;Emotional stability;;;;;
Intrapersonal factor related to DEAB;Personality;Personality traits;Adaptive personality traits for the DEAB studies available to date;Openness;;;;;
Intrapersonal factor related to DEAB;Personality;Personality traits;Maladaptive personality traits for the DEAB studies available to date;;;;;;
Intrapersonal factor related to DEAB;Personality;Personality traits;Maladaptive personality traits for the DEAB studies available to date;Authority;;;;;
Intrapersonal factor related to DEAB;Personality;Personality traits;Maladaptive personality traits for the DEAB studies available to date;Entitlement;;;;;
Intrapersonal factor related to DEAB;Personality;Personality traits;Maladaptive personality traits for the DEAB studies available to date;Exhibitionism;;;;;
Intrapersonal factor related to DEAB;Personality;Personality traits;Maladaptive personality traits for the DEAB studies available to date;Exploitativeness;;;;;
Intrapersonal factor related to DEAB;Personality;Personality traits;Maladaptive personality traits for the DEAB studies available to date;Extroversion;;;;;
Intrapersonal factor related to DEAB;Personality;Personality traits;Maladaptive personality traits for the DEAB studies available to date;Interpersonal sensitivity;;;;;
Intrapersonal factor related to DEAB;Personality;Personality traits;Maladaptive personality traits for the DEAB studies available to date;Narcissism;;;;;
Intrapersonal factor related to DEAB;Personality;Personality traits;Maladaptive personality traits for the DEAB studies available to date;Obsessive compulsive;;;;;
Intrapersonal factor related to DEAB;Personality;Personality traits;Maladaptive personality traits for the DEAB studies available to date;Psychological inflexibility;;;;;
Intrapersonal factor related to DEAB;Personality;Personality traits;Maladaptive personality traits for the DEAB studies available to date;Psychoticism;;;;;
Intrapersonal factor related to DEAB;Personality;Personality traits;Maladaptive personality traits for the DEAB studies available to date;Self-sufficiency;;;;;
Intrapersonal factor related to DEAB;Personality;Personality traits;Maladaptive personality traits for the DEAB studies available to date;Superiority;;;;;
Intrapersonal factor related to DEAB;Personality;Personality traits;Maladaptive personality traits for the DEAB studies available to date;Impulsiveness;;;;;
Intrapersonal factor related to DEAB;Psychopathological symptoms;;;;;;;;
Intrapersonal factor related to DEAB;Psychopathological symptoms;Addictiveness;;;;;;;
Intrapersonal factor related to DEAB;Psychopathological symptoms;Depression;;;;;;;
Intrapersonal factor related to DEAB;Psychopathological symptoms;Depression;Depressed/sad;;;;;;
Intrapersonal factor related to DEAB;Psychopathological symptoms;Depression;Depression Anxiety and Stress;;;Anxiety and depression;;;
Intrapersonal factor related to DEAB;Psychopathological symptoms;Depression;Depressive symptoms;;;;;;
Intrapersonal factor related to DEAB;Psychopathological symptoms;Exercise dependence;;;;;;;
Intrapersonal factor related to DEAB;Psychopathological symptoms;Exercise dependence;Exercise dependence continuance;;;;;;
Intrapersonal factor related to DEAB;Psychopathological symptoms;Exercise dependence;Exercise dependence intention effect;;;;;;
Intrapersonal factor related to DEAB;Psychopathological symptoms;Exercise dependence;Exercise dependence lack of control;;;;;;
Intrapersonal factor related to DEAB;Psychopathological symptoms;Exercise dependence;Exercise dependence reduction in other activities;;;;;;
Intrapersonal factor related to DEAB;Psychopathological symptoms;Exercise dependence;Exercise dependence time;;;;;;
Intrapersonal factor related to DEAB;Psychopathological symptoms;Exercise dependence;Exercise dependence tolerance;;;;;;
Intrapersonal factor related to DEAB;Psychopathological symptoms;Exercise dependence;Exercise dependence withdrawal;;;;;;
Intrapersonal factor related to DEAB;Psychopathological symptoms;Paranoid ideation;;;;;;;
Intrapersonal factor related to DEAB;Psychopathological symptoms;Problems with concentration;;;;;;;
Intrapersonal factor related to DEAB;Psychopathological symptoms;Psychological symptoms;;;;;;;
Intrapersonal factor related to DEAB;Self-efficacy;;;;;;;;2
Intrapersonal factor related to DEAB;Self-efficacy;Perceived behavioral control related to gain muscle mass;;;;;;7;
Intrapersonal factor related to DEAB;Self-efficacy;Psychological skills;;;;;;;
Intrapersonal factor related to DEAB;Self-efficacy;Psychological skills;Concentration;;;;;;
Intrapersonal factor related to DEAB;Self-efficacy;Psychological skills;Confidence/achievement motivation;;;;;;
Intrapersonal factor related to DEAB;Self-efficacy;Psychological skills;Goal setting and mental preparation;;;;;;
Intrapersonal factor related to DEAB;Self-efficacy;Psychological skills;Peaking under pressure;;;;;;
Other behaviors;;;;;;;;;
Other behaviors;Alcohol use;;;;;;;3;
Other behaviors;Avoidance behaviors;;;;;;;;
Other behaviors;Avoidance behaviors;Avoidance and rule driven behaviors;;;;;;1;
Other behaviors;Avoidance behaviors;Fluids avoidance;;;;;;1;
Other behaviors;Compulsive and behavioral addictions;;;;;;;;
Other behaviors;Compulsive and behavioral addictions;Bodybuilding dependence;;;;;;;
Other behaviors;Compulsive and behavioral addictions;Compulsive buying;;;;Compulsive spending;;;
Other behaviors;Compulsive and behavioral addictions;Food and alcohol disturbance-alcohol;;;;Alcohol abuse or dependence;;4;
Other behaviors;Compulsive and behavioral addictions;Hypersexual behavior;;;;Sex addiction;;;
Other behaviors;Compulsive and behavioral addictions;Pathological computer gaming;;;;Video game addiction;;1;
Other behaviors;Compulsive and behavioral addictions;Substance addiction;;;;;;;
Other behaviors;Compulsive and behavioral addictions;Pathological gambling;;;;;;;
Other behaviors;Compulsive and behavioral addictions;Internet addiction;;;;;;;
Other behaviors;Exercise and sport practice;;;;;;;;
Other behaviors;Exercise and sport practice;Maladaptive training behaviors;Injury;;;;;;
Other behaviors;Exercise and sport practice;Maladaptive training behaviors;Training through pain;;;;;;
Other behaviors;Exercise and sport practice;Muscularity and Sports Practices;Exercise activity;;;;;;
Other behaviors;Exercise and sport practice;Muscularity and Sports Practices;Muscularity-oriented behaviors;;;;;;
Other behaviors;Exercise and sport practice;Muscularity and Sports Practices;Muscularity sport;;;;;;
Other behaviors;Sleep;;;;;;;;
Other behaviors;Sleep;Poor sleep;;;;;;;
Other behaviors;Violence;;;;;;;;
Other behaviors;Violence;Psychological abuse;;;;;;1;
Other behaviors;Violence;Self-harm;;;;;;1;
Other behaviors;Violence;Sexual violence;;;;;;;
Other behaviors;Violence;Sexual harassment;;;;;;;
Other behaviors;Violence;Sexual abuse;;;;;;;
Other behaviors;Performance;;;;;;;;
Sociocultural factor related to DEAB;;;;;;;;;
Sociocultural factor related to DEAB;Media exposure;;;;;;;;
Sociocultural factor related to DEAB;Media exposure;Exposure to entertainment TV;;;;;;3;
Sociocultural factor related to DEAB;Media exposure;Exposure to sports on television;;;;;;;2
Sociocultural factor related to DEAB;Media exposure;Exposure to thin ideal TV;;;;;;;
Sociocultural factor related to DEAB;Media exposure;Hours spent on social media;;;;;;;
Sociocultural factor related to DEAB;Media exposure;Interest in body-improvement TV content;;;;;;7;
Sociocultural factor related to DEAB;Media exposure;Media information;;;;;;1;
Sociocultural factor related to DEAB;Media exposure;Sport magazine reading;;;;;;3;
Sociocultural factor related to DEAB;Perception of sociocultural pressure;;;;;"Sociocultural pressure ; Societal pressure";;;
Sociocultural factor related to DEAB;Perception of sociocultural pressure;Perception of sociocultural pressure from media;;;;Sociocultural pressure influence of advertisements;;;
Sociocultural factor related to DEAB;Perception of sociocultural pressure;Perception of sociocultural pressure from media;Pressure from magazines/fashion;;;;;;
Sociocultural factor related to DEAB;Perception of sociocultural pressure;Perception of sociocultural pressure from media;Severity of the comment made on social media;;;;;;
Sociocultural factor related to DEAB;Perception of sociocultural pressure;Perception of sociocultural pressure from media;Social media pressures;;;;;;
Sociocultural factor related to DEAB;Perception of sociocultural pressure;Perception of sociocultural pressure from media;Sociocultural factors;;;;;;
Sociocultural factor related to DEAB;Perception of sociocultural pressure;Perception of sociocultural pressure related to body and appearance;;;;;;;
Sociocultural factor related to DEAB;Perception of sociocultural pressure;Perception of sociocultural pressure related to body and appearance;Information regarding appearance;;;;;;
Sociocultural factor related to DEAB;Perception of sociocultural pressure;Perception of sociocultural pressure related to body and appearance;Perceived appearance based pressures from the media;;;;;;
Sociocultural factor related to DEAB;Perception of sociocultural pressure;Perception of sociocultural pressure related to body and appearance;Perceived pressure for a single ideal body in sport;;;;;;
Sociocultural factor related to DEAB;Perception of sociocultural pressure;Perception of sociocultural pressure related to body and appearance;Perceived sociocultural pressure be attractive;;;;;;
Sociocultural factor related to DEAB;Perception of sociocultural pressure;Perception of sociocultural pressure related to body and appearance;Perceived sociocultural pressure be more muscular;;;"Perceived sociocultural pressure look more muscular ; Sociocultural pressure influence of muscular ideals";;;
Sociocultural factor related to DEAB;Perception of sociocultural pressure;Perception of sociocultural pressure related to body and appearance;Perceived sociocultural pressure change appearance;;;;;;
Sociocultural factor related to DEAB;Perception of sociocultural pressure;Perception of sociocultural pressure related to body and appearance;Perceived sociocultural pressure exercise more;;;;;;
Sociocultural factor related to DEAB;Perception of sociocultural pressure;Perception of sociocultural pressure related to body and appearance;Perceived sociocultural pressure have a perfect body;;;;;;
Sociocultural factor related to DEAB;Perception of sociocultural pressure;Perception of sociocultural pressure related to body and appearance;Perceived sociocultural pressure lean body;;;;;;
Sociocultural factor related to DEAB;Perception of sociocultural pressure;Perception of sociocultural pressure related to body and appearance;Perceived sociocultural pressure lose weight;;;;;;
Sociocultural factor related to DEAB;Perception of sociocultural pressure;Perception of sociocultural pressure related to body and appearance;Sociocultural pressure concern about being fat;;;;;;
Sociocultural factor related to DEAB;Perception of sociocultural pressure;Perception of sociocultural pressure related to body and appearance;Sociocultural attitudes toward appearance;;;;;;
Sociocultural factor related to DEAB;Perception of sociocultural pressure;Perception of sociocultural pressure related to body and appearance;Sociocultural attitudes toward appearance-comparison;;;;;;
Sociocultural factor related to DEAB;Social and Sport pressure;;;;;;;;
Sociocultural factor related to DEAB;Sport specific pressures;;;;;Sport pressure;;;
Sociocultural factor related to DEAB;Sport specific pressures;Pressure regarding appearance and performance;;;;;;;
Sociocultural factor related to DEAB;Sport specific pressures;Sport appearance pressures;;;;;;;
Sociocultural factor related to DEAB;Sport specific pressures;Sport performance pressure;;;;;;;
Sociocultural factor related to DEAB;Sport specific pressures;Uniform influences;;;;;;;
Sociocultural factor related to DEAB;Sport specific pressures;Perceived coach beliefs;;;;;;;
Sociocultural factor related to DEAB;Sport specific pressures;Perceived teammate beliefs;;;;;;;
Intrapersonal factor related to DEAB;Cognitive process;;;;;;;;
Intrapersonal factor related to DEAB;Cognitive process;Cognitive flexibility;;;;;;;
